{"cameraMode":{"drawMode":0,"name":"Shaded","section":"Shading Mode"},"sceneLighting":false,"audioPlay":false,"sceneViewState":{"m_AlwaysRefresh":false,"showFog":true,"showSkybox":false,"showFlares":true,"showImageEffects":true,"showParticleSystems":true,"showVisualEffectGraphs":true,"m_FxEnabled":true},"in2DMode":false,"pivot":{"x":-5.7093586921691898,"y":1.3986413478851319,"z":2.5431149005889894},"rotation":{"x":0.5110424160957336,"y":-0.0012891413643956185,"z":0.0007668978068977594,"w":0.8595542907714844},"size":19.59790802001953,"orthographic":false}